Name,Location,Phone Number,Website ,Maps Link,Rating,Number of Ratings,Industry,Open tmes,24 Hours
Desert Diamond Air Cooling & Heating,16602 N 25th Ave,+1 602-767-6465,http://www.desertdiamondhvac.com/,https://www.google.com/maps/place/Desert+Diamond+Air+Cooling+%26+Heating/data=!4m7!3m6!1s0x872b719aaaaaaaab:0x4c9be99024345fb0!8m2!3d33.6365284!4d-112.1117547!16s%2Fg%2F1260dl0j4!19sChIJq6qqqppxK4cRsF80JJDpm0w?authuser=0&hl=en&rclk=1,4.9,"1,782",HVAC contractor,,Open 24 hours
Air Conditioning of Arizona,7652 E Greenway Rd Ste 103,+1 480-250-3882,https://www.acofaz.net/,https://www.google.com/maps/place/Air+Conditioning+of+Arizona/data=!4m7!3m6!1s0x872b74376635c1a7:0x94e7613f59820776!8m2!3d33.626171!4d-111.915779!16s%2Fg%2F11c58p1q90!19sChIJp8E1Zjd0K4cRdgeCWT9h55Q?authuser=0&hl=en&rclk=1,5,429,HVAC contractor,Opens 8a.m.,Closed
Arizona's Dukes of Air & Plumbing,6938 E Parkway Norte,+1 480-773-6565,https://thedukesofair.com/,https://www.google.com/maps/place/Arizona%27s+Dukes+of+Air+%26+Plumbing/data=!4m7!3m6!1s0x872bad16877a6ff7:0xbc39a144183a144b!8m2!3d33.3392186!4d-111.6837632!16s%2Fg%2F11xrb28tc!19sChIJ9296hxatK4cRSxQ6GEShObw?authuser=0&hl=en&rclk=1,4.9,"3,608",HVAC contractor,Opens 7a.m.,Closed
Expert HVAC Services Inc,,+1 623-594-2488,https://www.experthvacservices.com/,https://www.google.com/maps/place/Expert+HVAC+Services+Inc/data=!4m7!3m6!1s0x872b660975688c83:0x6116b1c1d45f8c6d!8m2!3d34.168035!4d-111.9307474!16s%2Fg%2F1tg165yq!19sChIJg4xodQlmK4cRbYxf1MGxFmE?authuser=0&hl=en&rclk=1,4.9,341,HVAC contractor,,Open 24 hours
Scottsdale Air Heating & Cooling,4713 N 44th St,+1 602-834-2160,https://www.scottsdaleair.com/,https://www.google.com/maps/place/Scottsdale+Air+Heating+%26+Cooling/data=!4m7!3m6!1s0x872b0cf713453997:0xaeaeda29db0215d1!8m2!3d33.506355!4d-111.986476!16s%2Fg%2F11c1q8n4mj!19sChIJlzlFE_cMK4cR0RUC2ynarq4?authuser=0&hl=en&rclk=1,4.9,113,HVAC contractor,Opens 7:30a.m. Mon,Closed
"Day & Night Air Conditioning, Heating & Plumbing",3669 E La Salle St,+1 602-569-4400,https://www.dayandnightair.com/?utm_source=google&utm_medium=organic&utm_campaign=maps,"https://www.google.com/maps/place/Day+%26+Night+Air+Conditioning,+Heating+%26+Plumbing/data=!4m7!3m6!1s0x872b0d778d2ea099:0x6cbc97b43bd00584!8m2!3d33.396759!4d-112.0010528!16s%2Fg%2F1th1d5fw!19sChIJmaAujXcNK4cRhAXQO7SXvGw?authuser=0&hl=en&rclk=1",4.9,"4,029",HVAC contractor,,Open 24 hours
Arizona Cooling Company,8831 E Apache Trail,+1 602-339-2806,http://www.azcoolco.com/,https://www.google.com/maps/place/Arizona+Cooling+Company/data=!4m7!3m6!1s0x872b0fba585700a7:0x8a009ef7c51a8c29!8m2!3d33.4148889!4d-111.6409188!16s%2Fg%2F11hx06wvz_!19sChIJpwBXWLoPK4cRKYwaxfeeAIo?authuser=0&hl=en&rclk=1,5,110,HVAC contractor,Opens 9a.m.,Closed
Preferred Air,,+1 602-622-9851,https://preferredairaz.com/,https://www.google.com/maps/place/Preferred+Air/data=!4m7!3m6!1s0x872b1744f74681cd:0xcf34af73551e0e9d!8m2!3d33.6054149!4d-112.125051!16s%2Fg%2F11f1mmr65x!19sChIJzYFG90QXK4cRnQ4eVXOvNM8?authuser=0&hl=en&rclk=1,4.9,393,HVAC contractor,,Open 24 hours
Parker & Sons,3636 E Anne St A,+1 602-273-7247,https://www.parkerandsons.com/?utm_campaign=Google+My+Business&utm_source=GMB&utm_medium=organic&utm_content=Website,https://www.google.com/maps/place/Parker+%26+Sons/data=!4m7!3m6!1s0x872b0faad068d687:0xcb13480c28213ccd!8m2!3d33.4139155!4d-112.0022947!16s%2Fg%2F1td4_9w8!19sChIJh9Zo0KoPK4cRzTwhKAxIE8s?authuser=0&hl=en&rclk=1,4.7,"20,622",HVAC contractor,,Open 24 hours
A Quality HVAC Services LLC,520 N Bullard Ave #43,+1 623-257-5406,https://aqualityhvac.org/,https://www.google.com/maps/place/A+Quality+HVAC+Services+LLC/data=!4m7!3m6!1s0x872b38e01d2c6deb:0x67ccbe5b296309df!8m2!3d33.451964!4d-112.3782027!16s%2Fg%2F11_rdljg4!19sChIJ620sHeA4K4cR3wljKVu-zGc?authuser=0&hl=en&rclk=1,4.9,"1,012",HVAC contractor,Opens 7a.m.,Closed
REEIS,3525 E Corona Ave,+1 480-581-5683,http://reeis.com/,https://www.google.com/maps/place/REEIS/data=!4m7!3m6!1s0x872b0e3bb2867849:0x252b68af498caaeb!8m2!3d33.404989!4d-112.005081!16s%2Fg%2F1tgh3fty!19sChIJSXiGsjsOK4cR66qMSa9oKyU?authuser=0&hl=en&rclk=1,4.8,515,HVAC contractor,Opens 8a.m. Mon,Closed
Emergency Air Heating Cooling & Plumbing,4360 W Chandler Blvd #1,+1 602-894-3244,https://www.emergencyair.com/,https://www.google.com/maps/place/Emergency+Air+Heating+Cooling+%26+Plumbing/data=!4m7!3m6!1s0x872b086c6ff2416d:0xc5f677ae7c7edc6d!8m2!3d33.3064064!4d-111.9182336!16s%2Fg%2F1q65y61_k!19sChIJbUHyb2wIK4cRbdx-fK539sU?authuser=0&hl=en&rclk=1,4.8,"1,817",HVAC contractor,,Open 24 hours
Cool Zone Air Conditioning & Heating,8642 N 78th Ave #2,+1 623-777-3881,https://www.coolzoneair.com/,https://www.google.com/maps/place/Cool+Zone+Air+Conditioning+%26+Heating/data=!4m7!3m6!1s0x872b4219059dc057:0xdcf9d7e78e03f792!8m2!3d33.5615333!4d-112.2278281!16s%2Fg%2F11cnbxhdwt!19sChIJV8CdBRlCK4cRkvcDjufX-dw?authuser=0&hl=en&rclk=1,4.9,169,HVAC contractor,,Open 24 hours
AirZona HVAC Inc,6094 N 57th Ave,+1 623-295-1911,https://www.airzonahvac.com/,https://www.google.com/maps/place/AirZona+HVAC+Inc/data=!4m7!3m6!1s0x872b6b23ac66141d:0xa745bdc76bb9603a!8m2!3d33.5272139!4d-112.1822173!16s%2Fg%2F11fyxtygz8!19sChIJHRRmrCNrK4cROmC5a8e9Rac?authuser=0&hl=en&rclk=1,4.8,66,HVAC contractor,Opens 8a.m. Mon,Closed
Semper Fi Heating And Cooling LLC,6555 E Southern Ave #1106,+1 480-616-3636,https://www.semperfiheatingcooling.com/?utm_source=local&utm_medium=organic&utm_campaign=gmb,https://www.google.com/maps/place/Semper+Fi+Heating+And+Cooling+LLC/data=!4m7!3m6!1s0x872bb162eeeb0ce5:0x556cb3629b646e05!8m2!3d33.3914139!4d-111.6906552!16s%2Fg%2F11c1n3gclh!19sChIJ5Qzr7mKxK4cRBW5km2KzbFU?authuser=0&hl=en&rclk=1,4.7,"2,117",HVAC contractor,Closes 12a.m.,Open
"Air-zona Air Conditioning, Heating & Ventilation L.L.C.",9299 W Olive Ave STE 202,+1 623-257-4148,http://www.air-zona.net/,"https://www.google.com/maps/place/Air-zona+Air+Conditioning,+Heating+%26+Ventilation+L.L.C./data=!4m7!3m6!1s0x872b6d772b3d197d:0x4dea1c8e0f760be8!8m2!3d33.5652421!4d-112.2584161!16s%2Fg%2F1vhlynfn!19sChIJfRk9K3dtK4cR6At2D44c6k0?authuser=0&hl=en&rclk=1",4.9,622,HVAC contractor,Opens 8a.m. Tue,Closed
Reliance Heating and Air Conditioning,302 W Lone Cactus Dr,+1 602-944-9585,https://www.relianceac.com/?utm_source=Google&utm_medium=Google+Business+Profile&utm_campaign=GBP,https://www.google.com/maps/place/Reliance+Heating+and+Air+Conditioning/data=!4m7!3m6!1s0x872b70347785b9b7:0xd5fe2ba56d279eb7!8m2!3d33.6811205!4d-112.0781828!16s%2Fg%2F1v6p99ly!19sChIJt7mFdzRwK4cRt54nbaUr_tU?authuser=0&hl=en&rclk=1,5,528,HVAC contractor,Opens 8a.m. Tue,Closed
Klein Heating and Cooling,1126 E Maryland Ave unit #4,+1 602-377-6520,https://kleinheatingcooling.com/,https://www.google.com/maps/place/Klein+Heating+and+Cooling/data=!4m7!3m6!1s0x872b6f326b912629:0x22305c98c02d19fc!8m2!3d33.5312282!4d-112.0571849!16s%2Fg%2F11rsqz22z9!19sChIJKSaRazJvK4cR_BktwJhcMCI?authuser=0&hl=en&rclk=1,5,51,HVAC contractor,Opens 9a.m.,Closed
Valley's Best Heating and Air Conditioning,14040 N Cave Creek Rd STE 306,+1 480-892-3938,https://www.valleysbestac.com/,https://www.google.com/maps/place/Valley%27s+Best+Heating+and+Air+Conditioning/data=!4m7!3m6!1s0x872b1397b3d13ab3:0x589956da6fa6ef5a!8m2!3d33.6149817!4d-112.0349219!16s%2Fg%2F1tkl3sm4!19sChIJszrRs5cTK4cRWu-mb9pWmVg?authuser=0&hl=en&rclk=1,4.8,45,HVAC contractor,Opens 7a.m. Mon,Closed
Comfort Experts,1610 N Rosemont STE 113,+1 480-207-1239,https://www.azcomfortexperts.com/?utm_source=GMBlisting&utm_medium=referral,https://www.google.com/maps/place/Comfort+Experts/data=!4m7!3m6!1s0x872ba5a16cb07b21:0x648b1d401159b33a!8m2!3d33.4454663!4d-111.722618!16s%2Fg%2F11ghsjwnyz!19sChIJIXuwbKGlK4cROrNZEUAdi2Q?authuser=0&hl=en&rclk=1,4.9,123,HVAC contractor,Opens 7a.m. Mon,Closed
Just Air LLC,15211 N Cave Creek Rd suite E,+1 602-595-8544,https://justairllc.com/,https://www.google.com/maps/place/Just+Air+LLC/data=!4m7!3m6!1s0x872b71f662ff24a7:0xddce1357c21985a4!8m2!3d33.6248474!4d-112.0301712!16s%2Fg%2F1tftfsj8!19sChIJpyT_YvZxK4cRpIUZwlcTzt0?authuser=0&hl=en&rclk=1,4.8,234,HVAC contractor,,Open 24 hours
Goettl Air Conditioning and Plumbing Phoenix,4611 E Baseline Rd,+1 602-517-0039,https://www.goettl.com/location/phoenix-arizona/?utm_source=google&utm_medium=organic&utm_campaign=gmb/,https://www.google.com/maps/place/Goettl+Air+Conditioning+and+Plumbing+Phoenix/data=!4m7!3m6!1s0x872b0eda558e699b:0x6f5c74b4d9c46d5f!8m2!3d33.3775441!4d-111.9836418!16s%2Fg%2F1tdcxk7x!19sChIJm2mOVdoOK4cRX23E2bR0XG8?authuser=0&hl=en&rclk=1,4.7,"9,648",HVAC contractor,,Open 24 hours
AZ Perfect Comfort Heating & Cooling,20650 N 29th Pl STE 104,+1 602-789-3000,https://azperfectcomfort.com/scheduleservice,https://www.google.com/maps/place/AZ+Perfect+Comfort+Heating+%26+Cooling/data=!4m7!3m6!1s0x872b6f9445d150a1:0xc93bead1d43c9141!8m2!3d33.6748213!4d-112.0209337!16s%2Fg%2F11bvvzr66_!19sChIJoVDRRZRvK4cRQZE81NHqO8k?authuser=0&hl=en&rclk=1,4.8,237,HVAC contractor,Opens 7a.m. Mon,Closed
Five Star Air Conditioning,39216 N 21st Ave,+1 623-244-0414,https://fivestar-airconditioning.com/?utm_campaign=gmb,https://www.google.com/maps/place/Five+Star+Air+Conditioning/data=!4m7!3m6!1s0x872b630e3d78449b:0x1a8d98ec6e8f5a86!8m2!3d33.8408288!4d-112.1064059!16s%2Fg%2F11j4k_9zyr!19sChIJm0R4PQ5jK4cRhlqPbuyYjRo?authuser=0&hl=en&rclk=1,5,129,HVAC contractor,Opens 7a.m.,Closed
Alien Air Conditioning and Heating,7235 N 30th Ln,+1 602-824-9494,https://www.alienairconditioning.com/?utm_source=Core70&utm_medium=organic&utm_campaign=WebsiteURL,https://www.google.com/maps/place/Alien+Air+Conditioning+and+Heating/data=!4m7!3m6!1s0x872b6cc696eea341:0xb3b9d19dd95e8092!8m2!3d33.5434322!4d-112.1248345!16s%2Fg%2F12vs7hz3r!19sChIJQaPulsZsK4cRkoBe2Z3RubM?authuser=0&hl=en&rclk=1,4.9,154,Air conditioning contractor,Opens 6a.m.,Closed
Precision Air & Plumbing,3045 N Colorado St Ste 3,+1 602-490-8566,http://precisionairandplumbing.com/?utm_campaign=gmb,https://www.google.com/maps/place/Precision+Air+%26+Plumbing/data=!4m7!3m6!1s0x872ba9c8583f6077:0xf17587d7508e3301!8m2!3d33.3509954!4d-111.8357239!16s%2Fg%2F12hv_7x48!19sChIJd2A_WMipK4cRATOOUNeHdfE?authuser=0&hl=en&rclk=1,4.7,"3,054",HVAC contractor,,Open 24 hours
The AC Team Heating And Cooling LLC,,+1 623-251-5711,https://www.theacteam.com/,https://www.google.com/maps/place/The+AC+Team+Heating+And+Cooling+LLC/data=!4m7!3m6!1s0x872b66f70a2dcdfd:0x7ba7cb76c1976f96!8m2!3d33.5799714!4d-112.148937!16s%2Fg%2F11cs3zz5tc!19sChIJ_c0tCvdmK4cRlm-XwXbLp3s?authuser=0&hl=en&rclk=1,5,179,HVAC contractor,Opens 8a.m. Tue,Closed
Benefit Air Conditioning LLC,1315 W Indian School Rd,+1 602-840-9229,http://www.benefitair.com/,https://www.google.com/maps/place/Benefit+Air+Conditioning+LLC/data=!4m7!3m6!1s0x872b0c3eea73a24f:0xd2c6a53eb2bda99c!8m2!3d33.494684!4d-112.089865!16s%2Fg%2F1hc3jvz4d!19sChIJT6Jz6j4MK4cRnKm9sj6lxtI?authuser=0&hl=en&rclk=1,4.9,437,HVAC contractor,,Open 24 hours
George Brazil Air Conditioning & Heating,2655 E Magnolia St #200,+1 602-842-0009,https://georgebrazilhvac.com/?utm_source=GMBlisting&utm_medium=referral,https://www.google.com/maps/place/George+Brazil+Air+Conditioning+%26+Heating/data=!4m7!3m6!1s0x872b0e47f07a5715:0x26794037b5277007!8m2!3d33.4217999!4d-112.0232358!16s%2Fg%2F11bcdhszj5!19sChIJFVd68EcOK4cRB3AntTdAeSY?authuser=0&hl=en&rclk=1,4.7,"3,044",HVAC contractor,,Open 24 hours
Sun Tech Air Conditioning,2727 W Glendale Ave Ste 207,+1 602-900-3520,https://suntechair.com/,https://www.google.com/maps/place/Sun+Tech+Air+Conditioning/data=!4m7!3m6!1s0x872b6c800b3830ab:0x862e5d0e26a2e992!8m2!3d33.5375877!4d-112.1181789!16s%2Fg%2F11c0xq6dg8!19sChIJqzA4C4BsK4cRkumiJg5dLoY?authuser=0&hl=en&rclk=1,4.7,565,HVAC contractor,Opens 8a.m. Mon,Closed
Howard Air Service Center,13235 N Cave Creek Rd,+1 602-953-2766,https://howardair.com/,https://www.google.com/maps/place/Howard+Air+Service+Center/data=!4m7!3m6!1s0x872b720e2e99830f:0xcb29299d5dc1b741!8m2!3d33.6075638!4d-112.0359679!16s%2Fg%2F1tfm73jn!19sChIJD4OZLg5yK4cRQbfBXZ0pKcs?authuser=0&hl=en&rclk=1,4.5,452,HVAC contractor,,Open 24 hours
Hobaica Services,10636 N Cave Creek Rd,+1 602-633-9555,https://www.hobaica.com/?utm_source=google&utm_medium=gmb&utm_campaign=homepage,https://www.google.com/maps/place/Hobaica+Services/data=!4m7!3m6!1s0x872b6cc0f8f1d43b:0xc5569efda2f76a32!8m2!3d33.5837317!4d-112.0512262!16s%2Fg%2F1tdr3skc!19sChIJO9Tx-MBsK4cRMmr3ov2eVsU?authuser=0&hl=en&rclk=1,4.9,"4,548",HVAC contractor,,Open 24 hours
A/C and Refrigeration,1705 W University Dr UNIT 107,+1 602-488-7161,https://www.acandrefrigeration.com/,https://www.google.com/maps/place/A%2FC+and+Refrigeration/data=!4m7!3m6!1s0x872b1501c4facc25:0xf2ca45794c58bfa6!8m2!3d33.4214062!4d-111.9666918!16s%2Fg%2F11qqky439b!19sChIJJcz6xAEVK4cRpr9YTHlFyvI?authuser=0&hl=en&rclk=1,4.9,63,HVAC contractor,Opens 8a.m.,Closed
1st Choice Mechanical,23309 N 17th Dr STE 116,+1 623-471-1910,https://1stchoicemechanicalaz.com/,https://www.google.com/maps/place/1st+Choice+Mechanical/data=!4m7!3m6!1s0x872b5d6405a2a34d:0x302f10671a9f56c8!8m2!3d33.6970023!4d-112.0961512!16s%2Fg%2F11h35pr8b1!19sChIJTaOiBWRdK4cRyFafGmcQLzA?authuser=0&hl=en&rclk=1,4.9,510,HVAC contractor,,Open 24 hours
Arizona Valley Heating and Cooling LLC,14057 N 48th Ave,+1 602-832-5786,http://www.callarizonavalley.com/,https://www.google.com/maps/place/Arizona+Valley+Heating+and+Cooling+LLC/data=!4m7!3m6!1s0x872b69617c272e1d:0x26b0497d33199270!8m2!3d33.6135829!4d-112.161248!16s%2Fg%2F11tms4cm51!19sChIJHS4nfGFpK4cRcJIZM31JsCY?authuser=0&hl=en&rclk=1,5,104,HVAC contractor,Opens 7a.m.,Closed
Ideal Air Conditioning and Insulation,4127 E University Dr,+1 480-573-7604,https://www.idealairaz.com/?utm_campaign=gmb,https://www.google.com/maps/place/Ideal+Air+Conditioning+and+Insulation/data=!4m7!3m6!1s0x872b061155555555:0x6ecc37689ac22b30!8m2!3d33.4215926!4d-111.9920184!16s%2Fg%2F1tcwgfqy!19sChIJVVVVVREGK4cRMCvCmmg3zG4?authuser=0&hl=en&rclk=1,4.9,743,HVAC contractor,Opens 7:30a.m. Tue,Closed
All Out Cooling & Heating,2775 N Arizona Ave #7,+1 480-578-1370,https://www.callallout.com/?utm_source=GMBlisting&utm_medium=organic,https://www.google.com/maps/place/All+Out+Cooling+%26+Heating/data=!4m7!3m6!1s0x872b05cf49974ff1:0x55cf14faa40b2e77!8m2!3d33.3462563!4d-111.841279!16s%2Fg%2F11jg5vyz4s!19sChIJ8U-XSc8FK4cRdy4LpPoUz1U?authuser=0&hl=en&rclk=1,5,234,HVAC contractor,Opens 8a.m. Tue,Closed
Simply The Best Heating And Cooling,1035 N McQueen Rd #119,+1 480-361-8458,https://www.simplythebestac.com/,https://www.google.com/maps/place/Simply+The+Best+Heating+And+Cooling/data=!4m7!3m6!1s0x872ba9030724a6b9:0xc1f2323d1c656c39!8m2!3d33.3703154!4d-111.8239127!16s%2Fg%2F1tjs5dn_!19sChIJuaYkBwOpK4cROWxlHD0y8sE?authuser=0&hl=en&rclk=1,4.4,154,HVAC contractor,,Open 24 hours
"Four Seasons Home Services - Phoenix, AZ",22035 N Black Cyn Hwy B,+1 480-489-3210,https://fourseasonshs.com/,"https://www.google.com/maps/place/Four+Seasons+Home+Services+-+Phoenix,+AZ/data=!4m7!3m6!1s0x872b6f4560d085a9:0xc50b6dc9f405313d!8m2!3d33.686801!4d-112.1115868!16s%2Fg%2F11fsmbzh5p!19sChIJqYXQYEVvK4cRPTEF9MltC8U?authuser=0&hl=en&rclk=1",5,47,HVAC contractor,,Open 24 hours
Scottsdale Air Heating & Cooling,722 S Perry Ln,+1 480-467-3586,http://scottsdaleair.com/,https://www.google.com/maps/place/Scottsdale+Air+Heating+%26+Cooling/data=!4m7!3m6!1s0x872b090f580f5623:0x791f11d18e5498bc!8m2!3d33.4233781!4d-111.9051596!16s%2Fg%2F1tj7wvk3!19sChIJI1YPWA8JK4cRvJhUjtERH3k?authuser=0&hl=en&rclk=1,4.8,385,HVAC contractor,Opens 7:30a.m. Mon,Closed
Collins Comfort Masters,102 W Julie Dr,+1 480-212-9220,https://collinscomfort.com/?utm_source=GMB&utm_medium=organic&utm_campaign=Website,https://www.google.com/maps/place/Collins+Comfort+Masters/data=!4m7!3m6!1s0x872ba9be1b52d665:0x4c94c3a85b3bda5e!8m2!3d33.3686455!4d-111.9398597!16s%2Fg%2F1tjpqzmc!19sChIJZdZSG76pK4cRXto7W6jDlEw?authuser=0&hl=en&rclk=1,4.8,"5,966",HVAC contractor,,Open 24 hours
Absolute Value Heating & Cooling,,+1 602-667-9793,http://goabsolutevalue.com/,https://www.google.com/maps/place/Absolute+Value+Heating+%26+Cooling/data=!4m7!3m6!1s0x872b0d96ecf60301:0x10b2caf5121c12b0!8m2!3d33.3007469!4d-111.8813604!16s%2Fg%2F11bwm4ckmq!19sChIJAQP27JYNK4cRsBIcEvXKshA?authuser=0&hl=en&rclk=1,4.9,81,HVAC contractor,,Open 24 hours
Cave Creek Cooling Company,,+1 480-440-6261,https://cavecreekcooling.com/,https://www.google.com/maps/place/Cave+Creek+Cooling+Company/data=!4m7!3m6!1s0x872b7f35140ae84d:0xf4d608016f4943a8!8m2!3d33.7986164!4d-111.9358604!16s%2Fg%2F11fmh753d7!19sChIJTegKFDV_K4cRqENJbwEI1vQ?authuser=0&hl=en&rclk=1,5,243,HVAC contractor,Opens 8a.m. Mon,Closed
Integrity Air Conditioning & Heating L.L.C,2250 E Rose Garden Loop,+1 602-971-0567,https://integrity-hvac.com/?utm_source=local&utm_medium=organic&utm_campaign=gmb,https://www.google.com/maps/place/Integrity+Air+Conditioning+%26+Heating+L.L.C/data=!4m7!3m6!1s0x872b703b23bd03d7:0xbf880f0eefb5a7fd!8m2!3d33.6778698!4d-112.0345537!16s%2Fg%2F1tjkg80y!19sChIJ1wO9IztwK4cR_ae17w4PiL8?authuser=0&hl=en&rclk=1,4.9,308,HVAC contractor,Opens 7a.m. Mon,Closed
Comfort One Air Conditioning,,+1 602-247-6151,https://www.comfort1ac.com/,https://www.google.com/maps/place/Comfort+One+Air+Conditioning/data=!4m7!3m6!1s0x872b6e5270c22e51:0xe5ffad82f971dc9f!8m2!3d33.6745429!4d-111.893381!16s%2Fg%2F11f4lr0tdq!19sChIJUS7CcFJuK4cRn9xx-YKt_-U?authuser=0&hl=en&rclk=1,5,146,HVAC contractor,Opens 9a.m.,Closed
Island Breeze Air Conditioning & Heating LLC,809 E Fairmount Ave,+1 602-962-4995,https://islandbreeze-ac.com/,https://www.google.com/maps/place/Island+Breeze+Air+Conditioning+%26+Heating+LLC/data=!4m7!3m6!1s0x872b4f5af80a4189:0xea659e4fe3cfb450!8m2!3d33.4925987!4d-112.0633568!16s%2Fg%2F11j59k7_79!19sChIJiUEK-FpPK4cRULTP40-eZeo?authuser=0&hl=en&rclk=1,5,287,HVAC contractor,Opens 7a.m.,Closed
Gladiate Air Conditioning & Heating LLC,,+1 623-249-4536,https://gladiateair.com/?utm_source=GMB&utm_medium=Website,https://www.google.com/maps/place/Gladiate+Air+Conditioning+%26+Heating+LLC/data=!4m7!3m6!1s0x872b6bea6834f2a9:0x45952554e5cc58cd!8m2!3d33.5896164!4d-112.0210432!16s%2Fg%2F11f695zy_v!19sChIJqfI0aOprK4cRzVjM5VQllUU?authuser=0&hl=en&rclk=1,4.9,33,HVAC contractor,Opens 8a.m. Tue,Closed
Bumble Bee Air Conditioning,1004 E Vista Del Cerro Dr,+1 480-966-2901,https://www.bumblebeeairconditioning.com/,https://www.google.com/maps/place/Bumble+Bee+Air+Conditioning/data=!4m7!3m6!1s0x872b08c120a1c737:0xb96c79cca8a73d15!8m2!3d33.4105156!4d-111.9238541!16s%2Fg%2F1tdkh36b!19sChIJN8ehIMEIK4cRFT2nqMx5bLk?authuser=0&hl=en&rclk=1,4.9,594,HVAC contractor,Opens 7a.m. Tue,Closed
AZ Trusted Air,15677 N Cave Creek Rd,+1 623-252-6403,http://www.aztrusted.com/,https://www.google.com/maps/place/AZ+Trusted+Air/data=!4m7!3m6!1s0x872b6b2f5becc089:0xcfd8787362cb2560!8m2!3d33.6288859!4d-112.0304157!16s%2Fg%2F11f9xlqbyb!19sChIJicDsWy9rK4cRYCXLYnN42M8?authuser=0&hl=en&rclk=1,4.3,53,HVAC contractor,,Open 24 hours
Boldt HVAC & Repair Inc.,Opens 9a.m. Mon,+1 623-340-1881,,https://www.google.com/maps/place/Boldt+HVAC+%26+Repair+Inc./data=!4m7!3m6!1s0x872b69a569391dd5:0x98e8e5977ceeb412!8m2!3d33.6227824!4d-112.2689244!16s%2Fg%2F1tg5vj49!19sChIJ1R05aaVpK4cRErTufJfl6Jg?authuser=0&hl=en&rclk=1,4.3,37,HVAC contractor,,
One Hour Air Conditioning & HeatingÂ® of Scottsdale,,+1 602-737-1109,https://onehourairphx.com/,https://www.google.com/maps/place/One+Hour+Air+Conditioning+%26+Heating%C2%AE+of+Scottsdale/data=!4m7!3m6!1s0x872b146a7d1aaaab:0x56ee5d07105f0279!8m2!3d33.485548!4d-111.9521904!16s%2Fg%2F11ghq_tfvn!19sChIJq6oafWoUK4cReQJfEAdd7lY?authuser=0&hl=en&rclk=1,4.7,319,HVAC contractor,,Open 24 hours
Arizona Cold Air,,+1 480-733-0845,http://www.azclar.com/,https://www.google.com/maps/place/Arizona+Cold+Air/data=!4m7!3m6!1s0x872ba7f75fbfcab7:0x5726814190c1b172!8m2!3d33.5367064!4d-112.0443192!16s%2Fg%2F119vq_fk_!19sChIJt8q_X_enK4cRcrHBkEGBJlc?authuser=0&hl=en&rclk=1,4.7,109,HVAC contractor,Opens 7a.m. Mon,Closed
Diamond AC and Heating,20801 N 19th Ave #1,+1 602-932-6763,http://diamondacandheating.com/,https://www.google.com/maps/place/Diamond+AC+and+Heating/data=!4m7!3m6!1s0x872b6f9aaf6dbcfb:0xd0e5a6b20bf29a64!8m2!3d33.6750781!4d-112.0992715!16s%2Fg%2F11fd7080v4!19sChIJ-7xtr5pvK4cRZJryC7Km5dA?authuser=0&hl=en&rclk=1,4.2,281,HVAC contractor,Opens 7a.m.,Closed
Peavler Air Conditioning & Heating,645 W 2nd Ave,+1 480-247-2170,http://peavlerac.com/,https://www.google.com/maps/place/Peavler+Air+Conditioning+%26+Heating/data=!4m7!3m6!1s0x872ba8701a1feb1f:0xb0cecfdefe38a147!8m2!3d33.4111792!4d-111.8457627!16s%2Fg%2F1hc6xj_jm!19sChIJH-sfGnCoK4cRR6E4_t7PzrA?authuser=0&hl=en&rclk=1,5,99,HVAC contractor,Opens 6a.m. Mon,Closed
JMAC Heating & Cooling,1843 S Old Greenfield Rd,+1 602-279-2665,https://crycool.com/,https://www.google.com/maps/place/JMAC+Heating+%26+Cooling/data=!4m7!3m6!1s0x872ba5f08a534b05:0x2a3362961fdf02dd!8m2!3d33.3812884!4d-111.7336679!16s%2Fg%2F1td3rzcl!19sChIJBUtTivClK4cR3QLfH5ZiMyo?authuser=0&hl=en&rclk=1,5,468,HVAC contractor,,
Cactus Valley HVAC,7125 E Southern Ave Ste 107HV,+1 480-277-5708,http://www.cactusvalleyhvac.com/,https://www.google.com/maps/place/Cactus+Valley+HVAC/data=!4m7!3m6!1s0x872baf2c78a9fe0d:0x24a73b98e08e1749!8m2!3d33.392394!4d-111.6774844!16s%2Fg%2F11pv1yfv_x!19sChIJDf6peCyvK4cRSReO4Jg7pyQ?authuser=0&hl=en&rclk=1,4.7,49,HVAC contractor,Opens 8a.m. Mon,Closed
POLAiR HVAC SERVICES INC.,,+1 480-297-2800,http://polairservices.com/,https://www.google.com/maps/place/POLAiR+HVAC+SERVICES+INC./data=!4m7!3m6!1s0x872baf1e11ccafef:0xa6b65e90cd6bdfa5!8m2!3d38.4755223!4d-53.4899749!16s%2Fg%2F11f651shgy!19sChIJ76_MER6vK4cRpd9rzZBetqY?authuser=0&hl=en&rclk=1,5,119,HVAC contractor,,Open 24 hours
Aire Serv of North Central Arizona,,+1 888-224-0848,https://www.aireserv.com/north-central-arizona/?cid=LSTL_ASV-US000187&utm_source=gmb&utm_campaign=local&utm_medium=organic,https://www.google.com/maps/place/Aire+Serv+of+North+Central+Arizona/data=!4m7!3m6!1s0x872c559517478971:0x8b83072a52e9635e!8m2!3d34.697911!4d-111.678076!16s%2Fg%2F11cn3pssmv!19sChIJcYlHF5VVLIcRXmPpUioHg4s?authuser=0&hl=en&rclk=1,4.7,143,HVAC contractor,Opens 8a.m.,Closed
"John's Heating, Cooling, and Plumbing",211 E 10th Dr #2,+1 480-648-0921,https://www.justcalljohns.com/?utm_source=google&utm_medium=organic&utm_campaign=gbp,"https://www.google.com/maps/place/John%27s+Heating,+Cooling,+and+Plumbing/data=!4m7!3m6!1s0x872ba71cddd12c8d:0xd429616c3a3917ef!8m2!3d33.3954767!4d-111.8272376!16s%2Fg%2F1tdb4rms!19sChIJjSzR3RynK4cR7xc5OmxhKdQ?authuser=0&hl=en&rclk=1",4.9,"1,628",HVAC contractor,,Open 24 hours
Honest Air Inc.,2942 N Greenfield Rd STE 147,+1 480-719-5063,https://honestairconditioning.net/,https://www.google.com/maps/place/Honest+Air+Inc./data=!4m7!3m6!1s0x872ba449effc1fe9:0xf89e4a9082c8282b!8m2!3d33.4688685!4d-111.7364726!16s%2Fg%2F1vcjmqlk!19sChIJ6R_870mkK4cRKyjIgpBKnvg?authuser=0&hl=en&rclk=1,4.8,125,HVAC contractor,Opens 7a.m.,Closed
"Diamondback: AC, Heating & Plumbing",2232 E Rose Garden Loop suite 2,+1 623-226-4398,https://www.diamondbackplumbing.com/,"https://www.google.com/maps/place/Diamondback:+AC,+Heating+%26+Plumbing/data=!4m7!3m6!1s0x872b423c84336309:0xed691f3b472ad2e8!8m2!3d33.6778303!4d-112.0339875!16s%2Fg%2F11dxmb2w1m!19sChIJCWMzhDxCK4cR6NIqRzsfae0?authuser=0&hl=en&rclk=1",4.7,148,HVAC contractor,,Open 24 hours
Alaskan Air Conditioning & Heating,2428 W Campus Dr,+1 602-529-5555,https://www.alaskanac.com/phoenix-az/,https://www.google.com/maps/place/Alaskan+Air+Conditioning+%26+Heating/data=!4m7!3m6!1s0x872b0850bfee3945:0x1e8ec170e43ee08!8m2!3d33.3988838!4d-111.974678!16s%2Fg%2F1tdb04bt!19sChIJRTnuv1AIK4cRCO5DDhfs6AE?authuser=0&hl=en&rclk=1,4.7,"2,083",HVAC contractor,,Open 24 hours
"Ocean Air, Air Conditioning & Heating",3140 S 99th Cir,+1 480-358-9435,http://myoceanair.com/,"https://www.google.com/maps/place/Ocean+Air,+Air+Conditioning+%26+Heating/data=!4m7!3m6!1s0x872baf9532a10517:0xc259fe72a2cc0ebf!8m2!3d33.3580973!4d-111.6212182!16s%2Fg%2F1tf6s831!19sChIJFwWhMpWvK4cRvw7MonL-WcI?authuser=0&hl=en&rclk=1",4.9,91,HVAC contractor,Opens 9a.m. Mon,Closed
AC by J,7595 E Gray Rd #1,+1 602-536-4088,https://acbyj.com/,https://www.google.com/maps/place/AC+by+J/data=!4m7!3m6!1s0x872b744545aa814f:0x29865bb1b0804b84!8m2!3d33.6122338!4d-111.9173793!16s%2Fg%2F1v76_3sg!19sChIJT4GqRUV0K4cRhEuAsLFbhik?authuser=0&hl=en&rclk=1,4.8,"1,705",HVAC contractor,,Open 24 hours
Accurate Air,1321 E Weber Dr,+1 480-894-2998,http://www.accurateairac.com/,https://www.google.com/maps/place/Accurate+Air/data=!4m7!3m6!1s0x872b0911d2bef6a9:0x110ac3a943984dc4!8m2!3d33.4436658!4d-111.9170504!16s%2Fg%2F1tfwktt3!19sChIJqfa-0hEJK4cRxE2YQ6nDChE?authuser=0&hl=en&rclk=1,5,252,HVAC contractor,Opens 8a.m.,Closed
AC Doctors,1394 N Farrell Ct,+1 602-560-7881,http://www.theacdoctors.com/,https://www.google.com/maps/place/AC+Doctors/data=!4m7!3m6!1s0x872bb1036fa087a7:0xd0c94b91ae13cac0!8m2!3d33.3755569!4d-111.8158508!16s%2Fg%2F1tl8l5bf!19sChIJp4egbwOxK4cRwMoTrpFLydA?authuser=0&hl=en&rclk=1,4.9,"1,564",HVAC contractor,,Open 24 hours
Cool Aid Air Conditioning LLC,,+1 480-941-2665,http://coolaidair.com/,https://www.google.com/maps/place/Cool+Aid+Air+Conditioning+LLC/data=!4m7!3m6!1s0x872b0a330d5a382d:0x9203cce3e4efd6ed!8m2!3d33.5621739!4d-111.9004458!16s%2Fg%2F1tdywv20!19sChIJLThaDTMKK4cR7dbv5OPMA5I?authuser=0&hl=en&rclk=1,4.9,35,HVAC contractor,,Open 24 hours
"Above Par Heating & Air Conditioning, LLC",2750 W Libby St,+1 602-434-2927,https://www.aboveparac.com/,"https://www.google.com/maps/place/Above+Par+Heating+%26+Air+Conditioning,+LLC/data=!4m7!3m6!1s0x872b6fa254bafded:0x9ec0b79029418204!8m2!3d33.6484759!4d-112.1192456!16s%2Fg%2F11nx22pnxg!19sChIJ7f26VKJvK4cRBIJBKZC3wJ4?authuser=0&hl=en&rclk=1",4.7,27,HVAC contractor,Opens 8a.m. Mon,Closed
"SMW Refrigeration and Heating, LLC",1615 W University Dr #135,+1 855-875-2665,http://smwac.net/,"https://www.google.com/maps/place/SMW+Refrigeration+and+Heating,+LLC/data=!4m7!3m6!1s0x872b09255555550b:0xf7c360edd57165b5!8m2!3d33.4210206!4d-111.9651879!16s%2Fg%2F12lrd7mmz!19sChIJC1VVVSUJK4cRtWVx1e1gw_c?authuser=0&hl=en&rclk=1",4.8,834,HVAC contractor,Opens 7a.m. Mon,Closed
Arizona Cooling and Heating Specialists LLC,2565 W Goldmine Mountain Dr,+1 480-229-8286,https://arizona-cooling-and-heating-specialists-llc.business.site/?utm_source=gmb&utm_medium=referral,https://www.google.com/maps/place/Arizona+Cooling+and+Heating+Specialists+LLC/data=!4m7!3m6!1s0x872a4ff48203c30b:0xfb9c8fe748f35a45!8m2!3d33.1762151!4d-111.5936141!16s%2Fg%2F11q2shr0zp!19sChIJC8MDgvRPKocRRVrzSOePnPs?authuser=0&hl=en&rclk=1,5,74,HVAC contractor,Opens 6a.m. Mon,Closed
Agape Air LLC,1324 N Farrell Ct Ste 114,+1 602-840-1641,https://agapeair.com/,https://www.google.com/maps/place/Agape+Air+LLC/data=!4m7!3m6!1s0x872ba99022ea1dc7:0xadb20956e4f1fd12!8m2!3d33.374155!4d-111.8157006!16s%2Fg%2F1tf2spnw!19sChIJxx3qIpCpK4cREv3x5FYJsq0?authuser=0&hl=en&rclk=1,5,181,HVAC contractor,Opens 7a.m. Mon,Closed
Hughes Air,220 W 6th Ave,+1 480-247-6927,http://www.hughesairco.com/,https://www.google.com/maps/place/Hughes+Air/data=!4m7!3m6!1s0x872ba7e04ca0cb85:0x3fa6476760908cd8!8m2!3d33.4043478!4d-111.8360149!16s%2Fg%2F1z3tbgb_x!19sChIJhcugTOCnK4cR2IyQYGdHpj8?authuser=0&hl=en&rclk=1,4.6,100,HVAC contractor,Opens 7a.m. Mon,Closed
LJ Refrigeration Co.,2241 W Calle Marita,+1 480-948-5004,https://www.ljrefrigeration.com/,https://www.google.com/maps/place/LJ+Refrigeration+Co./data=!4m7!3m6!1s0x872b9f6e238c0df7:0x7ae00d3938b71291!8m2!3d33.7715666!4d-112.1082075!16s%2Fg%2F1tph261b!19sChIJ9w2MI26fK4cRkRK3ODkN4Ho?authuser=0&hl=en&rclk=1,5,54,HVAC contractor,Opens 8a.m. Mon,Closed
Complete Comfort Home Services,,+1 480-630-4485,http://www.completecomfortaz.com/,https://www.google.com/maps/place/Complete+Comfort+Home+Services/data=!4m7!3m6!1s0x872baf3eb55838fb:0x6da0b0ae1cf0c693!8m2!3d33.519339!4d-111.8432044!16s%2Fg%2F11fk8cy_57!19sChIJ-zhYtT6vK4cRk8bwHK6woG0?authuser=0&hl=en&rclk=1,4.9,293,HVAC contractor,Opens 7a.m. Mon,Closed
Chandler Air,3250 N Colorado St,+1 480-571-2534,https://www.chandlerair.com/,https://www.google.com/maps/place/Chandler+Air/data=!4m7!3m6!1s0x872baa11b3504e51:0xf0b2f3282a2eaa04!8m2!3d33.3528949!4d-111.8384185!16s%2Fg%2F1th0ncgr!19sChIJUU5QsxGqK4cRBKouKijzsvA?authuser=0&hl=en&rclk=1,4.9,766,HVAC contractor,Opens 7a.m.,Closed
"Hays Cooling, Heating & Plumbing",24825 N 16th Ave #115,+1 602-613-4625,https://www.hayscoolingandheating.com/,"https://www.google.com/maps/place/Hays+Cooling,+Heating+%26+Plumbing/data=!4m7!3m6!1s0x872b73ddc300d7b5:0x57d5ea31cabb6dff!8m2!3d33.7116432!4d-112.0929359!16s%2Fg%2F1v46_tyd!19sChIJtdcAw91zK4cR_227yjHq1Vc?authuser=0&hl=en&rclk=1",4.8,"1,079",Air conditioning contractor,Opens 7a.m. Mon,Closed
Same Day Air Repair,,+1 602-571-1728,http://acplease.com/,https://www.google.com/maps/place/Same+Day+Air+Repair/data=!4m7!3m6!1s0x872bafaaf849bf4f:0x89a3bc6be41f10a2!8m2!3d33.500322!4d-111.6678276!16s%2Fg%2F11fhwt9v1l!19sChIJT79J-KqvK4cRohAf5Gu8o4k?authuser=0&hl=en&rclk=1,4.7,444,HVAC contractor,Opens 7a.m.,Closed
Steve's Ultimate Air Heating & Cooling Services LLC,,+1 480-458-7287,http://www.stevesultimateair.com/,https://www.google.com/maps/place/Steve%27s+Ultimate+Air+Heating+%26+Cooling+Services+LLC/data=!4m7!3m6!1s0x872baa2e76e35d77:0x57110eb6d8067b8a!8m2!3d33.519339!4d-111.8432044!16s%2Fg%2F11bw46yc5j!19sChIJd13jdi6qK4cRinsG2LYOEVc?authuser=0&hl=en&rclk=1,5,55,Air conditioning contractor,Opens 8a.m. Tue,Closed
Robertson Heating & Cooling LLC,,+1 480-789-0530,http://robertsonheatingandcooling.com/,https://www.google.com/maps/place/Robertson+Heating+%26+Cooling+LLC/data=!4m7!3m6!1s0x872baf728d3ea68f:0x600c3fd420184cf0!8m2!3d33.5367064!4d-112.1102989!16s%2Fg%2F11hzy8t0gc!19sChIJj6Y-jXKvK4cR8EwYINQ_DGA?authuser=0&hl=en&rclk=1,5,102,HVAC contractor,Opens 8a.m.,Closed
Sterling Services,Opens 7a.m.,+1 480-988-0958,,https://www.google.com/maps/place/Sterling+Services/data=!4m7!3m6!1s0x872bb2c71edbc83d:0x88a5b1a89acff113!8m2!3d33.2838908!4d-111.6404422!16s%2Fg%2F1tj2ny5w!19sChIJPcjbHseyK4cRE_HPmqixpYg?authuser=0&hl=en&rclk=1,4.9,994,HVAC contractor,,7256 S 89th Pl STE 103
Goettls High Desert Mechanical-HVAC & Plumbing Specialists,4650 Old Hwy 279,+1 928-800-0997,https://goettlshdm.com/,https://www.google.com/maps/place/Goettls+High+Desert+Mechanical-HVAC+%26+Plumbing+Specialists/data=!4m7!3m6!1s0x872d016a437440b1:0xa39be2d0d06dab9d!8m2!3d34.6344998!4d-111.9329816!16s%2Fg%2F1tfm1y7z!19sChIJsUB0Q2oBLYcRnatt0NDim6M?authuser=0&hl=en&rclk=1,4.9,"1,389",HVAC contractor,,Open 24 hours
Pineapple Air Heating & Cooling,725 W Commerce Ave #112,+1 480-310-0240,http://pineappleairaz.com/,https://www.google.com/maps/place/Pineapple+Air+Heating+%26+Cooling/data=!4m7!3m6!1s0x872bade31e776f6f:0xac6339e8946c034!8m2!3d33.357712!4d-111.805297!16s%2Fg%2F11g_x78rfl!19sChIJb293HuOtK4cRNMBGiZ4zxgo?authuser=0&hl=en&rclk=1,4.9,148,HVAC contractor,Opens 7a.m.,Closed
Wolff Mechanical,1701 S Indian Bend Rd Suite 101,+1 480-968-8208,https://www.azairconditioning.com/,https://www.google.com/maps/place/Wolff+Mechanical/data=!4m7!3m6!1s0x872b086921ac7565:0x3d39b62469544c98!8m2!3d33.409963!4d-111.889557!16s%2Fg%2F1tf60rlv!19sChIJZXWsIWkIK4cRmExUaSS2OT0?authuser=0&hl=en&rclk=1,4.6,238,HVAC contractor,Opens 7a.m.,Closed
Howard Air Showroom & Design Center,17855 N Black Cyn Hwy,+1 480-648-0055,https://howardair.com/showroom/,https://www.google.com/maps/place/Howard+Air+Showroom+%26+Design+Center/data=!4m7!3m6!1s0x872b6f1e1cc4b899:0x7dbb348ee1e04a1c!8m2!3d33.6494269!4d-112.114015!16s%2Fg%2F11gf97lfft!19sChIJmbjEHB5vK4cRHErg4Y40u30?authuser=0&hl=en&rclk=1,4.9,"1,705",HVAC contractor,Opens 9a.m. Mon,Closed
Cool/Hot Guys AC,,+1 602-266-5287,https://coolhotguys.com/,https://www.google.com/maps/place/Cool%2FHot+Guys+AC/data=!4m7!3m6!1s0x872b750b7bdf60ed:0xd70488f9b6b3daa3!8m2!3d33.5626039!4d-112.0210432!16s%2Fg%2F11cs6h5skq!19sChIJ7WDfewt1K4cRo9qztvmIBNc?authuser=0&hl=en&rclk=1,4.8,71,HVAC contractor,,Open 24 hours
Arizona Comfort Specialists,,+1 602-902-1698,https://arizonacomfortspecialists.com/,https://www.google.com/maps/place/Arizona+Comfort+Specialists/data=!4m7!3m6!1s0x872b6d871afd8f6d:0x5d089866042c2f0a!8m2!3d33.5795414!4d-112.0210432!16s%2Fg%2F1v5fsckf!19sChIJbY_9GodtK4cRCi8sBGaYCF0?authuser=0&hl=en&rclk=1,4.9,171,HVAC contractor,Opens 7:30a.m. Mon,Closed
"Arizona Boy Air Conditioning & Heating, LLC - HVAC Service Goodyear AZ, HVAC Contractor, Quality Heating and Cooling",,+1 623-209-4383,https://arizona-boyac.business.site/?utm_source=gmb&utm_medium=referral,"https://www.google.com/maps/place/Arizona+Boy+Air+Conditioning+%26+Heating,+LLC+-+HVAC+Service+Goodyear+AZ,+HVAC+Contractor,+Quality+Heating+and+Cooling/data=!4m7!3m6!1s0x872b39755aa957e9:0xde1a9597a62c1f11!8m2!3d33.2766146!4d-112.18749!16s%2Fg%2F11gv15t40_!19sChIJ6VepWnU5K4cRER8sppeVGt4?authuser=0&hl=en&rclk=1",4.4,25,HVAC contractor,,Open 24 hours
Superior Heating and Air Conditioning,995 S Hamilton St,+1 480-659-0616,http://www.shac.co/,https://www.google.com/maps/place/Superior+Heating+and+Air+Conditioning/data=!4m7!3m6!1s0x872baa48b0f1ce59:0xdbc64fa0ebc1fd12!8m2!3d33.2920283!4d-111.832611!16s%2Fg%2F1vsprzjd!19sChIJWc7xsEiqK4cREv3B66BPxts?authuser=0&hl=en&rclk=1,5,100,HVAC contractor,Opens 8a.m. Mon,Closed
Viking HVAC,3225 N Arizona Ave Suite C-12,+1 480-689-5167,https://www.viking-hvac.com/,https://www.google.com/maps/place/Viking+HVAC/data=!4m7!3m6!1s0x872b078754a77461:0x258b892e09a78bb1!8m2!3d33.3522658!4d-111.840436!16s%2Fg%2F11gdls95v7!19sChIJYXSnVIcHK4cRsYunCS6JiyU?authuser=0&hl=en&rclk=1,4.8,71,HVAC contractor,Closes 11:30p.m.,Open
Techcool AC Repair Scottsdale,12932 E Appaloosa Pl,+1 602-785-6230,https://techcoollv.com/nearme/LandingPage.php?air-conditioning-repair-scottsdale-AZ,https://www.google.com/maps/place/Techcool+AC+Repair+Scottsdale/data=!4m7!3m6!1s0x872ba13afb48d991:0xec0fe172d0be8358!8m2!3d33.5747318!4d-111.8019429!16s%2Fg%2F11rw7nkc03!19sChIJkdlI-zqhK4cRWIO-0HLhD-w?authuser=0&hl=en&rclk=1,4.8,34,HVAC contractor,Closes 12a.m.,Open
HVAC Heating & Cooling LLC,2150 W Canada St,+1 520-833-8982,http://hvacheatingandcoolingllc.com/,https://www.google.com/maps/place/HVAC+Heating+%26+Cooling+LLC/data=!4m7!3m6!1s0x86d67915e7bca097:0xc74a78d436581cc9!8m2!3d32.1523494!4d-111.0136505!16s%2Fg%2F11j026wwqy!19sChIJl6C85xV51oYRyRxYNtR4Ssc?authuser=0&hl=en&rclk=1,5,147,HVAC contractor,,Open 24 hours
AIR4U Heating and Air Conditioning,,+1 888-702-4748,http://www.getair4u.com/,https://www.google.com/maps/place/AIR4U+Heating+and+Air+Conditioning/data=!4m7!3m6!1s0x872b695825386def:0xb79538964552e7cd!8m2!3d32.737092!4d-111.8913595!16s%2Fg%2F11j9dhdd9k!19sChIJ7204JVhpK4cRzedSRZY4lbc?authuser=0&hl=en&rclk=1,4.9,99,HVAC contractor,Opens 8a.m. Tue,Closed
Phoenix Air Department,2203 E Crest Ln,+1 602-586-6001,https://phxairdept.com/,https://www.google.com/maps/place/Phoenix+Air+Department/data=!4m7!3m6!1s0x872b71ca886b74d7:0xc4243ef6fe609c7c!8m2!3d33.6879688!4d-112.0352945!16s%2Fg%2F11hhn5s52t!19sChIJ13RriMpxK4cRfJxg_vY-JMQ?authuser=0&hl=en&rclk=1,4.9,122,HVAC contractor,,Open 24 hours
Equi-Tech Mechanical,1341 E Scenic St,+1 480-983-4979,https://azequitech.com/,https://www.google.com/maps/place/Equi-Tech+Mechanical/data=!4m7!3m6!1s0x872bb703ab62bf7f:0x36ce76a9e2be14cd!8m2!3d33.4183874!4d-111.5315377!16s%2Fg%2F11z32p03_!19sChIJf79iqwO3K4cRzRS-4ql2zjY?authuser=0&hl=en&rclk=1,4.9,61,HVAC contractor,,Open 24 hours
Wild West Mechanical Heating and Cooling,1204 W Chatham Dr,+1 928-451-1234,https://www.wildwesthvac.com/,https://www.google.com/maps/place/Wild+West+Mechanical+Heating+and+Cooling/data=!4m7!3m6!1s0x872c11b500b0bcc1:0xd876c06b88fbb705!8m2!3d34.2449019!4d-111.3466597!16s%2Fg%2F11j0b06pm9!19sChIJwbywALURLIcRBbf7iGvAdtg?authuser=0&hl=en&rclk=1,4.9,40,HVAC contractor,Opens 8a.m. Mon,Closed
Air Command Heating & Cooling,,+1 480-222-3131,http://www.aircommandac.com/,https://www.google.com/maps/place/Air+Command+Heating+%26+Cooling/data=!4m7!3m6!1s0x872ba9cec3271a27:0x4a6179106eb05e7f!8m2!3d33.274751!4d-111.891768!16s%2Fg%2F11fhz511kl!19sChIJJxonw86pK4cRf16wbhB5YUo?authuser=0&hl=en&rclk=1,4.5,195,HVAC contractor,Opens 9a.m. Mon,Closed
Rubio Heating and Cooling LLC,1813 N Saffron,+1 480-862-6564,http://rubiohvac.com/?utm_source=gmb&utm_medium=referral,https://www.google.com/maps/place/Rubio+Heating+and+Cooling+LLC/data=!4m7!3m6!1s0x872ba5f86063802d:0xe60c4b794a6e57e8!8m2!3d33.4486101!4d-111.6870236!16s%2Fg%2F11mxnjgwll!19sChIJLYBjYPilK4cR6FduSnlLDOY?authuser=0&hl=en&rclk=1,4.9,40,HVAC contractor,,Open 24 hours
Rainforest Plumbing & Air Conditioning Repair,1837 N Rosemont,+1 480-462-6409,https://rainforestplumbingandair.com/heating/heater-repair-in-phoenix-az/?utm_campaign=gmb,https://www.google.com/maps/place/Rainforest+Plumbing+%26+Air+Conditioning+Repair/data=!4m7!3m6!1s0x872b040e793dd035:0xe5c18d655ddd1ace!8m2!3d33.4492368!4d-111.7224052!16s%2Fg%2F1tdylp6p!19sChIJNdA9eQ4EK4cRzhrdXWWNweU?authuser=0&hl=en&rclk=1,4.6,"1,157",HVAC contractor,,Open 24 hours
Strategic HVAC LLC,,+1 602-377-9142,http://www.strategyac.com/,https://www.google.com/maps/place/Strategic+HVAC+LLC/data=!4m7!3m6!1s0x872a4d2dbddef953:0xa9684d435391219d!8m2!3d33.551199!4d-111.9864658!16s%2Fg%2F11g0g2kzrj!19sChIJU_nevS1NKocRnSGRU0NNaKk?authuser=0&hl=en&rclk=1,5,44,HVAC contractor,,Open 24 hours
Norris Air,3841 E Main St,+1 480-780-2315,https://www.norrisair.com/,https://www.google.com/maps/place/Norris+Air/data=!4m7!3m6!1s0x872bafb0e8d651ed:0x5ca20117998c9299!8m2!3d33.4152117!4d-111.7482325!16s%2Fg%2F11j50xnkqy!19sChIJ7VHW6LCvK4cRmZKMmRcBolw?authuser=0&hl=en&rclk=1,4.4,47,HVAC contractor,Opens 7a.m.,Closed
Samson and Sons Heating & Cooling,2555 N Coyote Dr # 108,+1 520-437-3014,http://samsonandsonshvac.com/,https://www.google.com/maps/place/Samson+and+Sons+Heating+%26+Cooling/data=!4m7!3m6!1s0x86d666130f89940f:0xe4becc918d8899bf!8m2!3d32.2532308!4d-111.0053169!16s%2Fg%2F11bych53nx!19sChIJD5SJDxNm1oYRv5mIjZHMvuQ?authuser=0&hl=en&rclk=1,4.9,360,HVAC contractor,Opens 6a.m. Mon,Closed
Lincoln Air & Plumbing,2805 W Larkspur Dr,+1 602-671-3766,https://lincolnair.com/,https://www.google.com/maps/place/Lincoln+Air+%26+Plumbing/data=!4m7!3m6!1s0x872b6db9b4f5ad81:0x8d372afff5fdea48!8m2!3d33.5997711!4d-112.1176187!16s%2Fg%2F11fmlgpmb1!19sChIJga31tLltK4cRSOr99f8qN40?authuser=0&hl=en&rclk=1,4.8,189,HVAC contractor,,Open 24 hours
"Kittrell Services, LLC",1108 N Oak St,+1 602-301-1068,http://www.kittrellservicesllc.com/,"https://www.google.com/maps/place/Kittrell+Services,+LLC/data=!4m7!3m6!1s0x872ba91df245967f:0xd0ef9384f3128c60!8m2!3d33.370594!4d-111.792985!16s%2Fg%2F11f6h70wz1!19sChIJf5ZF8h2pK4cRYIwS84ST79A?authuser=0&hl=en&rclk=1",4.8,102,HVAC contractor,Opens 7a.m.,Closed
"Four Seasons Home Services - Cave Creek, AZ",6121 E Milton Dr,+1 480-489-3210,https://fourseasonshs.com/,"https://www.google.com/maps/place/Four+Seasons+Home+Services+-+Cave+Creek,+AZ/data=!4m7!3m6!1s0x872b7e9e72c5332d:0x9e80744e4374290c!8m2!3d33.7608424!4d-111.9489779!16s%2Fg%2F11b77hg_5y!19sChIJLTPFcp5-K4cRDCl0Q050gJ4?authuser=0&hl=en&rclk=1",4.9,216,HVAC contractor,,Open 24 hours
Tropical Companies,2174 E Williams Field Rd #220,+1 480-848-0924,http://www.tropicalcompanies.com/,https://www.google.com/maps/place/Tropical+Companies/data=!4m7!3m6!1s0x872bad1b353578d3:0xc3b9a1a8dc26cb93!8m2!3d33.3109866!4d-111.7433662!16s%2Fg%2F11rdcy1rfc!19sChIJ03g1NRutK4cRk8sm3KihucM?authuser=0&hl=en&rclk=1,4.7,30,HVAC contractor,Opens 8a.m. Mon,Closed
Compass Air,,+1 480-492-3606,https://azcompassair.com/,https://www.google.com/maps/place/Compass+Air/data=!4m7!3m6!1s0x872a4b60485af29f:0x36e32e8d02f27409!8m2!3d33.5237431!4d-111.7623597!16s%2Fg%2F11fwjyxf10!19sChIJn_JaSGBLKocRCXTyAo0u4zY?authuser=0&hl=en&rclk=1,5,166,HVAC contractor,Opens 8a.m. Mon,Closed
PDQ Mechanical LLC,,+1 480-963-9633,http://pdqmechanicalllc.com/,https://www.google.com/maps/place/PDQ+Mechanical+LLC/data=!4m7!3m6!1s0x872bac08f5bf932d:0x2a050144118a0ce3!8m2!3d33.5237431!4d-111.7452377!16s%2Fg%2F1tjdm6fb!19sChIJLZO_9QisK4cR4wyKEUQBBSo?authuser=0&hl=en&rclk=1,5,234,HVAC contractor,Opens 8a.m. Mon,Closed
Martin Air HVAC,,+1 480-500-7393,http://www.martinairhvac.com/,https://www.google.com/maps/place/Martin+Air+HVAC/data=!4m7!3m6!1s0x872baf0abf01abef:0x702fb87b5384d944!8m2!3d34.168035!4d-111.9307474!16s%2Fg%2F11k2rvn2xg!19sChIJ76sBvwqvK4cRRNmEU3u4L3A?authuser=0&hl=en&rclk=1,4.9,93,HVAC contractor,Opens 8a.m.,Closed
Rusty's Air Conditioning And Heating,7509 E Southern Ave STE 108,+1 480-573-3090,https://rustysairaz.com/?utm_source=GMBListing&utm_medium=referral,https://www.google.com/maps/place/Rusty%27s+Air+Conditioning+And+Heating/data=!4m7!3m6!1s0x872bb376e8cbc157:0x973bd2b1a3f4e432!8m2!3d33.3927548!4d-111.6690096!16s%2Fg%2F11qt3v_sd_!19sChIJV8HL6HazK4cRMuT0o7HSO5c?authuser=0&hl=en&rclk=1,4.9,248,HVAC contractor,Opens 6a.m. Wed,Closed
Chas Roberts Air Conditioning and Plumbing,9828 N 19th Ave,+1 602-560-6776,https://www.chasroberts.com/,https://www.google.com/maps/place/Chas+Roberts+Air+Conditioning+and+Plumbing/data=!4m7!3m6!1s0x872b6ddaa8293feb:0xf4cfae6688c949df!8m2!3d33.576058!4d-112.100119!16s%2Fg%2F1tdc12zh!19sChIJ6z8pqNptK4cR30nJiGauz_Q?authuser=0&hl=en&rclk=1,4.5,992,HVAC contractor,Opens 7a.m.,Closed
KJ's Cooling & Heating,,+1 602-795-6754,,https://www.google.com/maps/place/KJ%27s+Cooling+%26+Heating/data=!4m7!3m6!1s0x872b69b65617ce1d:0xb1861afbab254458!8m2!3d33.6753776!4d-112.0274474!16s%2Fg%2F11bbrm46px!19sChIJHc4XVrZpK4cRWEQlq_sahrE?authuser=0&hl=en&rclk=1,4,24,HVAC contractor,,20815 North 25th Pl STE 105
365 Mechanical Complete HVAC Services,1817 S Horne STE 10,+1 480-503-8974,https://www.365mechanical.com/,https://www.google.com/maps/place/365+Mechanical+Complete+HVAC+Services/data=!4m7!3m6!1s0x872ba85ef15b3def:0x3c6d8a5315ae7ec6!8m2!3d33.3823574!4d-111.8132204!16s%2Fg%2F11gfgpqrc_!19sChIJ7z1b8V6oK4cRxn6uFVOKbTw?authuser=0&hl=en&rclk=1,4.8,21,HVAC contractor,,Open 24 hours
Knight Air Conditioning Inc,515 E Carefree Hwy,+1 602-943-2672,http://www.knightairconditioning.com/,https://www.google.com/maps/place/Knight+Air+Conditioning+Inc/data=!4m7!3m6!1s0x872b6343730f1a73:0xfdb0fbcaf04e4632!8m2!3d33.7983483!4d-112.0670589!16s%2Fg%2F1tkvb6_l!19sChIJcxoPc0NjK4cRMkZO8Mr7sP0?authuser=0&hl=en&rclk=1,4.8,104,HVAC contractor,Opens 8a.m. Tue,Closed
Mountain AC INC.,,+1 602-840-2826,https://mountainac.com/,https://www.google.com/maps/place/Mountain+AC+INC./data=!4m7!3m6!1s0x872b0e6320d1c4b5:0xa0ea6f6e18ac2953!8m2!3d33.5795414!4d-112.0210432!16s%2Fg%2F1ty74qrf!19sChIJtcTRIGMOK4cRUymsGG5v6qA?authuser=0&hl=en&rclk=1,4.9,76,HVAC contractor,Opens 8a.m. Tue,Closed
Heat Slayer HAVC Co.,,+1 480-673-3693,http://heatslayerhvacco.com/,https://www.google.com/maps/place/Heat+Slayer+HAVC+Co./data=!4m7!3m6!1s0x8f8308879eb59031:0xb7c4aecb33399ffd!8m2!3d33.6227824!4d-112.108762!16s%2Fg%2F11jyl45p6x!19sChIJMZC1nocIg48R_Z85M8uuxLc?authuser=0&hl=en&rclk=1,5,61,HVAC contractor,Opens 7a.m. Mon,Closed
Pro Solutions Air,28535 N 173rd Ave,+1 623-232-8425,https://prosolutionsair.com/,https://www.google.com/maps/place/Pro+Solutions+Air/data=!4m7!3m6!1s0x872b45546fdd27ab:0x35421090d891bd4f!8m2!3d33.7415485!4d-112.4324526!16s%2Fg%2F1jgm2yhyy!19sChIJqyfdb1RFK4cRT72R2JAQQjU?authuser=0&hl=en&rclk=1,4.6,183,Air conditioning contractor,,Open 24 hours
"Any Hour Services - Electric, Plumbing, Heating & Air",1515 W Deer Valley Rd Bldg A Ste A104,+1 602-609-7184,https://anyhourservices.com/phoenix?location=arizona,"https://www.google.com/maps/place/Any+Hour+Services+-+Electric,+Plumbing,+Heating+%26+Air/data=!4m7!3m6!1s0x872b6fd186a483bf:0xb4cccf6fee9d7fbe!8m2!3d33.6826376!4d-112.0919301!16s%2Fg%2F11qbkwqsdy!19sChIJv4OkhtFvK4cRvn-d7m_PzLQ?authuser=0&hl=en&rclk=1",5,555,HVAC contractor,Opens 12a.m. Mon,Closed
Hendel's Air Conditioning Inc.,3434 N Arizona Ave,+1 480-813-1700,https://www.hendels.com/,https://www.google.com/maps/place/Hendel%27s+Air+Conditioning+Inc./data=!4m7!3m6!1s0x872ba9cd0637e28d:0xb61e97f376f09891!8m2!3d33.3560048!4d-111.8424044!16s%2Fg%2F1tj4hj4_!19sChIJjeI3Bs2pK4cRkZjwdvOXHrY?authuser=0&hl=en&rclk=1,4.5,208,HVAC contractor,Opens 8a.m.,Closed
"Tucker Hill Air, Plumbing, and Electric",3100 W Ray Rd,+1 480-591-5500,http://tuckerhillaz.com/,"https://www.google.com/maps/place/Tucker+Hill+Air,+Plumbing,+and+Electric/data=!4m7!3m6!1s0x872b078a0e4d7157:0x9d66d0e3face0d01!8m2!3d33.3207955!4d-111.8956383!16s%2Fg%2F11t_h49wxc!19sChIJV3FNDooHK4cRAQ3O-uPQZp0?authuser=0&hl=en&rclk=1",4.8,71,HVAC contractor,Opens 8a.m.,Closed
"Rite Way Heating, Cooling & Plumbing",4551 S Alvernon Way,+1 520-274-8126,https://www.ritewayac.com/?utm_campaign=gmb,"https://www.google.com/maps/place/Rite+Way+Heating,+Cooling+%26+Plumbing/data=!4m7!3m6!1s0x86d66fb3c91e0c15:0x490a3ff34a9aab37!8m2!3d32.1696983!4d-110.909955!16s%2Fg%2F1td4d_hg!19sChIJFQweybNv1oYRN6uaSvM_Ckk?authuser=0&hl=en&rclk=1",4.9,"6,472",Air conditioning contractor,,Open 24 hours
